Title,Published(Kor),Description,Link
"Today's NYT Mini Crossword Answers for Sunday, Sept. 28",2025-09-28 12:30:45 (KST),"Here's today's NYT Mini Crossword answer.
These answers will help you solve New York Times' popular crossword game, Mini Crossword, every day!",https://www.cnet.com/tech/gaming/todays-nyt-mini-crossword-answers-for-sunday-sept-28/
Why is everyone buying groceries in bulk? BI's Steve Russolillo unpacks Costco's chokehold on America.,2025-09-28 19:44:01 (KST),"In this Sunday edition of Business Insider Today, we're talking about America's Costco craze.
BI's Steve Russolillo doesn't get the hype.",https://www.businessinsider.com/bi-today-sunday-newsletter-costco-craze-executive-membership-2025-9
Leading computer science professor says 'everybody' is struggling to get jobs: 'Something is happening in the industry',2025-09-28 18:55:02 (KST),UC Berkeley professor Hany Farid said the advice he gives students is different in the AI world.,https://www.businessinsider.com/computer-science-students-job-search-ai-hany-farid-2025-9
"Russell M. Nelson, President of the Church of Jesus Christ of Latter-day Saints dies at 101",2025-09-28 15:23:10 (KST),"SALT LAKE CITY (ABC4) — Russell M.
Nelson, the 17th President of the Church of Jesus Christ of Latter-day Saints, has died, Church officials confirmed late...",https://www.abc4.com/news/top-stories/russell-m-nelson-president-of-the-church-of-jesus-christ-of-latter-day-saints-dies-at-101/
My Mom Wants to Partake in a Classic Modern Grandparent Tradition. It’s Not Going to Happen.,2025-09-28 21:00:00 (KST),She hates this.,https://slate.com/advice/2025/09/parent-advice-grandparents-baby-photos-social-media.html
"Projecting the CFP top 12 after Week 5: How big was the bump for Oregon, Bama?",2025-09-28 14:51:18 (KST),We assess how the committee could stack the top teams in the country after Week 5.,https://www.espn.com/college-football/story/_/id/46397642/projecting-college-football-playoff-top-12-week-5
Holmes' gem in must-win lifts Mets' playoff push,2025-09-28 10:05:08 (KST),"Clay Holmes delivered the best start of his career Saturday, keeping the Mets' playoff hopes afloat with six scoreless innings in a 5-0 win over the Marlins.",https://www.espn.com/mlb/story/_/id/46403243/clay-holmes-clutch-start-gives-mets-playoff-push-boost
Ducks' Moore breaks through in 2OT upset of PSU,2025-09-28 15:35:15 (KST),Oregon coach Dan Lanning touted Dante Moore as the best quarterback in the nation after his poised performance led the Ducks to a 30-24 double-overtime win over Penn State.,https://www.espn.com/college-football/story/_/id/46406122/oregon-lanning-touts-moore-best-qb-beating-penn-state
Trapped in a Tesla,2025-09-28 18:30:00 (KST),"Until this is addressed, please give your passengers a pre-drive announcement of the manual override.",https://slate.com/podcasts/what-next-tbd/2025/09/how-teslas-door-handles-go-from-annoying-to-dangerous
This Wireless Tech Could Fix the Most Annoying Thing About Using Wireless Earbuds at Home,2025-09-28 19:00:04 (KST),Range anxiety for Bluetooth wireless earbuds might be a thing of the past soon.,https://gizmodo.com/this-wireless-tech-could-fix-the-most-annoying-thing-about-using-wireless-earbuds-at-home-2000664306
All of the best iPhone 17 and iPhone Air cases [Update #5],2025-09-28 16:01:00 (KST),"Apple’s iPhone 17 lineup has gone up for pre-order, has already landed in customer’s hands, and we have rounded up the best cases from our favorite brands down below.
The most notable iPhone 17 cases are almost certain to come from the brands we have been tes…",https://9to5mac.com/2025/09/28/best-iphone-17-cases/
The Sunday Papers,2025-09-28 19:00:00 (KST),"Sundays are for laughing at your sat nav's American voiceover lady when, as you're visiting Northamptonshire for the first time, she pronounces Towcester as toaster.
That can't be how it's said, you snort, surely everyone from there would have to follow-up re…",https://www.rockpapershotgun.com/the-sunday-papers-778
People Are More Likely to Cheat When They Use AI,2025-09-28 19:00:00 (KST),Participants in a new study were more likely to cheat when delegating to AI—especially if they could encourage machines to break rules without explicitly asking for it,https://www.scientificamerican.com/article/people-are-more-likely-to-cheat-when-they-use-ai/
After the Secret,2025-09-28 09:03:00 (KST),"Hi Frank, In 2012 when I was 16 years old, I was date-raped by my then boyfriend at a party.
A story not altogether dissimilar to the secret you posted this week from a person who was assaulted by a friend and was considering suicide.
It took me 2 years to r…",https://postsecret.com/2025/09/28/after-the-secret/
15 Amazing Archaeological Sites You Can Hike To,2025-09-28 19:02:00 (KST),Tired of your local trails? Plan a hiking trip to one of these incredible ancient sites.,https://www.mentalfloss.com/geography/wanderlust/archaeological-sites-you-can-hike-to
10 Sunday Reads,2025-09-28 19:30:34 (KST),"Avert your eyes! My Sunday morning look at incompetency, corruption and policy failures: • Levy: I Thought I Knew Silicon Valley.
I Was Wrong: Tech got what it wanted by electing Trump.
A year later, it looks more like a suicide pact.
(Wired) • Inside the Jag…",https://ritholtz.com/2025/09/10-sunday-reads-201/
6 crucial features the new Google Home app needs to win me back,2025-09-28 19:30:00 (KST),"The new Google Home app looks fancy, but it's still pretty barebones for me.
It needs some crucial features to win me back from Home Assistant.",https://www.androidauthority.com/features-new-google-home-app-needs-3600842/
OpenAI veut transformer votre routine matinale avec ChatGPT Pulse,2025-09-28 20:01:46 (KST),"OpenAI a récemment présenté ChatGPT Pulse, une nouvelle fonctionnalité qui fait des recherches la nuit pour vous présenter des informations pertinentes le matin.",https://www.presse-citron.net/openai-routine-matinale-chatgpt-pulse/
14 TV Shows Saved From Cancellation by Fan Activism,2025-09-28 21:00:00 (KST),It takes a very odd fandom to get 20 tons of nuts donated to the troops,https://www.cracked.com/article_48519_14-tv-shows-saved-from-cancellation-by-fan-activism.html
Streameast Reclaimed Domain Name Previously Seized By the U.S. Government,2025-09-28 18:08:12 (KST),"Pirate sports streaming site Streameast has quietly reclaimed one of the domain names the U.S.
authorities seized last year.
No legal battle was required, as the U.S.
government apparently let the domain expire.
The quiet re-registration of Streameast.xyz mar…",https://torrentfreak.com/streameast-reclaimed-domain-name-previously-seized-by-the-u-s-government/
